{"cameraMode":{"drawMode":0,"name":"Shaded","section":"Shading Mode"},"sceneLighting":true,"audioPlay":false,"sceneViewState":{"showFog":false,"showMaterialUpdate":false,"showSkybox":false,"showFlares":false,"showImageEffects":false,"showParticleSystems":false},"in2DMode":false,"pivot":{"x":-7.9626874923706059,"y":0.2621694505214691,"z":-2.447265625},"rotation":{"x":0.37462395429611208,"y":-0.01084834337234497,"z":0.0043938495218753819,"w":0.9271523356437683},"size":8.719505310058594,"orthographic":true}